ra_decals,dec_decals,ls_id,mag_g,snr_g,mag_r,snr_r,mag_i,snr_i,mag_z,snr_z,query_name
0.4484975570950757,-3.879857669884624,10995438543970650,27.487505,0.591521,23.161646,24.306696,21.117088,98.94329,20.83642,83.30753,J000147.64-035247.4
0.6371570055059378,13.2426978776418,10995542098184932,26.8478,0.6489806,24.30123,4.036462,inf,0.0,21.398422,25.023882,J000232.92+131433.7
0.6384958514413521,21.45694849612373,10995589714020279,27.828083,0.37120578,26.498363,0.6688307,inf,0.0,21.52704,27.921926,J000233.24+212725.0
1.265615411917686,21.75171155035376,10995591123307915,,-0.58947855,22.14174,22.489634,inf,0.0,19.82494,82.28819,J000503.75+214506.1
1.580769637772525,13.61379551558545,10995543574577788,26.373285,1.3258848,22.586897,24.631199,inf,0.0,21.347431,29.224846,J000619.38+133649.6
2.324993342906412,-10.28971871116661,10995401088828465,,-1.3969516,23.466112,11.192569,21.485947,51.703312,21.308645,27.94097,J000918.00-101723.0
2.666819984212423,11.9731877007542,10995534728792997,31.590466,0.013389611,22.644178,23.930534,inf,0.0,20.300274,97.899475,J001040.04+115823.4
2.956139644687098,7.755699043970621,10995509410925516,25.365635,3.5911603,21.645338,56.57504,inf,0.0,19.87329,116.61411,J001149.47+074520.5
4.436311476587897,23.02553052785135,10995598134085346,27.717527,0.3689251,22.97608,14.543564,inf,0.0,21.469475,25.246256,J001744.71+230131.9
4.64584966979855,8.266516917458135,10995512412997251,,-0.24120614,23.645985,8.637511,inf,0.0,21.209373,32.986576,J001835.00+081559.4
4.800562238330899,4.597603081563852,10995489882244196,26.00504,2.1003587,22.263441,50.11473,20.126682,212.3985,20.223644,112.69798,J001912.13+043551.3
6.639454078502193,16.49376099413599,10995561126693083,,-0.7966002,23.239162,12.276051,inf,0.0,21.426693,23.198568,J002633.47+162937.5
6.640031784271371,25.28142352417712,10995610578583872,,-1.0313278,23.27101,8.345522,inf,0.0,21.079737,40.089897,J002633.61+251653.1
7.485463780313157,29.15344531938938,10995632116335240,26.350693,0.7567246,22.108679,22.071234,inf,0.0,20.480377,36.838696,J002956.51+290912.4
7.995298529758283,14.82819014103667,10995550933488475,25.819435,1.4720155,21.400503,59.014534,inf,0.0,20.076529,101.7193,J003158.87+144941.4
8.460840642576024,2.599726762400983,10995477827821842,25.702774,3.670316,21.58513,113.02522,20.26319,192.3013,20.141996,136.49915,J003350.60+023559.0
8.759672081392289,-2.5316485937927,10995447630922228,25.45247,4.7278004,22.139414,72.71878,21.447706,78.45321,20.955345,85.83708,J003502.32-023153.9
9.274319250834344,24.18147418197607,10995605087195511,,-0.9079636,22.720627,17.557999,inf,0.0,20.291418,90.71704,J003705.84+241053.3
9.887810141851388,31.2880630969191,10995642590564625,25.166113,3.7061503,21.973291,35.56153,inf,0.0,20.376122,60.458538,J003933.07+311717.0
11.09317243850831,17.08561426183386,10995564040685354,25.306757,3.2066066,22.693893,16.630049,inf,0.0,21.23336,31.73698,J004422.36+170508.2
12.50933864835073,11.06876420552887,10995528841036701,,-0.31784454,22.967897,11.542727,21.135124,26.111044,21.045315,31.907772,J005002.24+110407.5
13.49542043444704,-14.86752684355452,10995374588168026,25.748854,2.473575,22.089958,38.322353,20.504736,89.41133,20.479364,65.68721,J005358.90-145203.0
13.54592648937447,-11.92520633288968,10995390756159905,25.664722,2.0176213,22.121696,30.942665,20.973143,51.98021,21.001469,39.5457,J005411.02-115530.7
14.24579914542158,-5.140486043998601,10995431070768147,25.61454,3.301131,22.60494,34.565468,21.445618,53.301693,21.30465,43.43887,J005658.99-050825.7
14.56071163140874,3.872774037059628,10995485399582147,27.14442,0.799526,22.529863,51.3444,21.402914,93.692154,21.369354,57.389732,J005814.57+035222.0
15.26532706673456,3.436004445864727,10995483893835432,24.719568,8.565685,21.480844,125.86877,19.928122,277.72983,19.816511,211.33066,J010103.68+032609.6
15.98021640057154,3.838480192016526,10995485404831395,29.55056,0.09720263,22.637089,44.237667,21.017157,121.5784,20.92759,75.62185,J010355.25+035018.5
16.34179825056076,-13.39945535658891,10995381925056578,26.160522,1.4624254,22.680008,22.042786,21.062773,72.760345,20.866737,46.099354,J010522.03-132358.0
16.93500636721034,4.074982100277881,10995486916876774,26.634394,1.3779691,24.00167,12.781543,21.684849,71.46082,21.386246,50.312645,J010744.40+040429.9
18.32729174481936,6.107704787014095,10995498969202729,,-0.85218173,22.532665,24.961695,20.800236,41.199387,20.525629,68.43043,J011318.55+060627.7
18.41799298196473,25.15714829176292,10995610622627602,,-1.2094281,23.275284,12.556492,inf,0.0,21.125042,31.975044,J011340.32+250925.7
18.54044131046178,3.402357239535403,10995483908506334,26.285202,2.0137708,22.472816,54.47927,20.911352,130.81992,20.713408,109.3178,J011409.71+032408.4
18.62048118277028,25.77849262746338,10995613356262754,26.861677,0.9603992,26.289341,0.89794433,inf,0.0,20.651749,49.489555,J011428.92+254642.5
18.95040489722189,26.333348618788,10995616079413829,,-0.26468694,24.420355,3.8228393,inf,0.0,21.465683,23.279179,J011548.10+262000.0
18.97252404889169,3.308157442429857,10995482401709308,,-1.3186349,,-0.5706271,24.554163,5.264463,20.798399,101.70303,J011553.41+031829.3
19.72237098407705,22.17628319640074,10995594003743075,24.122734,9.276878,21.504686,37.806923,inf,0.0,20.107054,70.740166,J011853.37+221034.6
20.17537425970134,8.554430426141048,10995513972232752,31.00328,0.01645337,23.080448,11.894694,inf,0.0,20.914923,55.892143,J012042.09+083315.9
20.30769084623413,11.22045813965438,10995530357280681,25.291399,3.2547677,22.642284,19.896635,21.646847,23.69096,21.365757,26.500582,J012113.85+111313.6
20.34173675043395,22.47549751430015,10995595404641636,24.670815,5.242491,21.133572,62.01058,inf,0.0,19.145561,173.68813,J012122.02+222831.7
21.64407556236683,28.20499550917192,10995626858776359,24.14831,12.216673,20.897022,91.83883,inf,0.0,19.527956,138.51982,J012634.58+281217.9
22.57620675167421,27.04210234659691,10995620154183280,24.011595,11.167452,21.23396,61.178444,inf,0.0,19.881197,85.48425,J013018.29+270231.5
22.6813201423555,17.69827083801171,10995568419540237,25.28906,3.8850253,22.578924,26.07683,inf,0.0,20.770554,59.004715,J013043.52+174153.7
23.33209288005172,23.65407959398845,10995602375576140,,-0.031552624,22.502928,26.186275,inf,0.0,20.682133,50.63492,J013319.70+233914.6
23.85398599061357,17.67468352801497,10995568424780010,,-0.7038385,22.545902,26.192036,inf,0.0,20.19223,103.84253,J013524.96+174028.8
24.24318228779765,22.88319401338772,10995598210631845,26.702036,0.91292435,21.694435,54.97849,inf,0.0,19.873064,101.46309,J013658.36+225259.5
24.68346639148864,6.828425045531502,10995503502197866,,-0.4860163,21.752937,53.479473,inf,0.0,19.690424,160.38234,J013844.03+064942.3
24.83474561843569,20.46900241731185,10995584159711872,26.082232,1.6597693,22.538507,18.445173,inf,0.0,20.958263,40.84619,J013920.34+202808.4
26.10874235316618,8.586622392324545,10995513997396010,27.226452,0.5995952,23.646393,7.210682,inf,0.0,21.388424,29.011549,J014426.10+083511.8
27.1637873222666,-1.455184603044517,10995453747271873,26.630182,1.4854549,22.652292,47.93796,20.688429,103.66848,20.724838,97.871414,J014839.31-012718.6
27.52678033315626,-13.43769729926131,10995381971192250,26.0565,2.4457521,22.547256,44.117043,20.729147,134.85736,20.533564,91.783936,J015006.43-132615.7
27.62946289777138,-13.53150480010838,10995381971196587,26.101889,2.8768058,22.193861,75.031845,20.801962,159.3622,20.780077,98.69151,J015031.07-133153.4
28.32188775245666,5.096310987664816,10995492991278177,26.589817,1.0281553,22.622913,29.136686,21.193346,67.83201,21.223772,39.93935,J015317.25+050546.7
29.30813280561014,-5.489667599451145,10995429630024804,25.969805,3.0137992,22.625164,49.056755,21.30295,95.27753,21.17638,64.17435,J015713.95-052922.8
29.68204720460527,5.785006106426438,10995497512732186,28.208563,0.25315443,23.100609,16.175976,inf,0.0,21.355383,41.417233,J015843.69+054706.0
30.12297129621803,19.76083122985109,10995579915078639,27.19832,0.6596634,25.521135,1.5156151,inf,0.0,20.834557,40.548782,J020029.51+194538.9
30.26023307632127,-5.069120900774711,10995432643631907,26.051329,2.4725652,22.632177,48.252083,21.239212,98.49275,20.87678,70.17302,J020102.46-050408.8
30.42872166149616,-1.897375709115128,10995450741004636,25.134329,5.965987,21.30037,141.81071,19.527283,384.8489,19.49829,228.87094,J020142.89-015350.5
30.63309111753952,-7.431868606061326,10995417624877747,26.439829,1.8597459,22.796427,38.96373,21.273605,81.16727,21.00346,64.95312,J020231.94-072554.7
31.26531285804586,3.272880637238242,10995482453090891,28.223225,0.34700096,21.865223,88.086,20.321304,207.9263,20.199663,146.41628,J020503.68+031622.3
31.27722125785395,30.85312117202496,10995640071884286,24.879398,4.6308303,21.926344,39.785564,inf,0.0,20.191587,93.63041,J020506.53+305111.2
33.94094482831473,29.55097659637173,10995633531914720,,-2.154761,23.038687,11.094472,inf,0.0,21.03916,35.931343,J021545.83+293303.5
34.04235951927166,4.8497241718689,10995491509638706,26.306402,1.4135808,22.131136,45.68196,20.07872,169.87479,19.879492,168.68614,J021610.17+045059.0
35.27230950867873,4.012252203265265,10995486993424541,,-0.6781549,22.36834,53.963768,20.740046,149.7282,20.650301,87.21837,J022105.35+040044.1
36.08139271775176,8.289055858094049,10995512543023709,30.165503,0.034858067,22.423214,24.184147,inf,0.0,21.25686,34.02547,J022419.53+081720.6
36.51977036050707,-9.30524021335622,10995407186299086,,-0.06538559,22.776642,34.821636,20.902489,107.6963,20.712763,72.4085,J022604.75-091818.8
37.76987910856921,7.283026900614621,10995506557747385,,-0.9442405,23.18049,15.987065,inf,0.0,20.93813,54.819683,J023104.77+071658.9
38.11855199722309,19.46570130172215,10995578521518153,25.156775,4.563715,21.870218,45.458244,20.790953,34.910347,20.527815,82.63124,J023228.45+192756.5
38.70070494618368,10.71399472121338,10995527464256605,25.462828,3.1169424,22.197927,34.769363,inf,0.0,21.042116,43.536736,J023448.17+104250.3
39.31821660876451,-7.887321962432674,10995414665799121,25.120934,5.6843243,22.41624,55.716263,21.074142,118.15992,20.916563,76.616974,J023716.37-075314.3
40.14629057765919,-11.32472581673704,10995395304888032,25.764196,2.8023767,22.704336,38.910446,20.723406,145.76721,20.707867,78.76396,J024035.11-111929.0
41.61371972983362,-3.926932962764513,10995438716979543,26.598831,1.2461814,22.651283,37.43856,21.205246,78.2088,21.059002,73.64911,J024627.29-035536.9
41.6702781994954,5.741249646810809,10995497562019257,,-0.63081014,22.512466,31.37643,21.231623,40.529484,21.066238,46.29167,J024640.87+054428.4
42.67419180403232,-5.427698781812333,10995429685601783,27.384546,0.615565,22.231867,59.394627,20.492514,139.64534,20.312777,124.62027,J025041.81-052539.7
44.84759800622928,-15.25184364264075,10995371795811339,,-1.8059946,22.35441,43.645752,20.436005,150.3002,20.29621,117.85461,J025923.42-151506.6
45.36729822799534,-6.333060175799117,10995425188252618,,-1.2621454,24.746864,4.634055,21.644197,32.669556,21.358574,45.253128,J030128.15-061959.0
46.61609975975058,-4.689956393795928,10995434217543252,25.749578,1.6520373,22.323893,21.3992,20.333773,73.41943,20.212376,93.05706,J030627.86-044123.8
46.65381884564026,-12.37845163561724,10995387938639700,26.645678,1.3021086,21.334032,122.28331,19.447271,353.8067,19.303286,216.59361,J030636.92-122242.4
49.35947729648058,-3.625985248702278,10995440257336235,26.44742,1.2919846,22.429708,28.077848,20.726528,32.585434,20.485106,85.66289,J031726.27-033733.5
49.52247266343628,-3.386173784393529,10995441765192038,27.046722,0.7372158,21.881418,43.292236,19.788301,72.89988,19.613422,177.68777,J031805.39-032310.2
52.04241181158217,1.086240856491138,10995468951618558,,-1.1794425,23.025845,22.521639,21.533318,44.596767,21.090343,48.8627,J032810.18+010510.4
52.12388485465618,-1.446600072489737,10995453852125900,28.63101,0.19383854,22.255907,41.343575,20.618624,85.34924,20.38618,128.31903,J032829.73-012647.7
53.19230977646823,-11.41641736776086,10995393877776705,,-0.27564463,23.112597,33.464134,21.019884,112.52547,20.76152,95.07869,J033246.16-112459.1
53.61856778764003,-6.235593937305829,10995425222854671,25.432823,2.9950335,24.27401,5.11824,22.45569,9.710475,21.155642,63.283436,J033428.46-061408.1
53.65899273101255,-5.432734424686005,10995429731734196,29.14021,0.12625743,27.419704,0.31735194,23.388418,4.38958,20.868246,76.084435,J033438.16-052557.8
55.28362746792397,-2.208866157091315,10995449335907123,,-0.498962,23.648718,7.967065,21.353157,59.09728,21.243711,49.790237,J034108.07-021231.9
55.4209475225448,-11.26817549719446,10995395367801305,25.10838,4.698319,22.46201,38.824,21.433872,65.48985,21.216173,66.72055,J034141.03-111605.4
56.71938458758837,-1.358010438313652,10995455380951907,,-0.32764402,24.323568,5.5568767,21.75434,29.764463,21.364056,44.394314,J034652.65-012128.8
58.67542948697297,-9.580035044496324,10995405786452198,,-0.3734606,23.684607,8.666217,21.430471,46.924465,21.371094,40.469513,J035442.10-093448.1
60.76066262910422,-17.11140342791373,10995361699076205,25.490631,4.997963,21.352022,166.4888,20.020792,360.83585,19.839237,236.42664,J040302.56-170641.0
60.88293248910756,-3.918987105954771,10995438797718808,,-0.31618804,25.250994,2.2896936,23.827332,5.315761,20.663103,80.300186,J040331.90-035508.3
61.0326438759477,-4.693012115942689,10995434278357008,,-0.7489259,25.163996,2.7696128,23.050678,11.358479,21.332565,52.92695,J040407.83-044134.8
61.61376978912322,-8.974695147300093,10995408781185689,26.34381,1.0867116,22.809933,15.315652,21.367897,38.569942,21.293095,37.226933,J040627.31-085828.9
61.63427059784705,-11.88556981089387,10995390953294168,27.253252,0.41782895,22.71508,17.29652,20.722307,91.56667,20.7985,62.840492,J040632.22-115308.0
61.8939444737015,-3.894984964634939,10995438801913685,29.793785,0.07495968,22.897125,22.6084,21.309404,56.962616,21.304625,52.496338,J040734.55-035341.9
63.31161666930468,-13.99331325249085,10995379181983186,,-0.39071822,21.663198,60.712765,19.809544,142.55524,19.634636,193.6328,J041314.79-135935.9
63.86475063958446,-8.10240746526483,10995414768552001,25.354815,3.3774805,21.624336,53.870373,20.008017,205.8141,19.901693,165.60251,J041527.54-080608.6
64.3359147039276,-12.5862022454058,10995388010991311,28.63619,0.1392814,23.456757,9.357801,21.44136,50.90974,21.464827,32.28401,J041720.62-123510.3
64.42309393020231,-7.60267534253359,10995417765385081,25.123604,4.163665,21.754864,48.83117,20.315792,94.687195,20.433159,105.98167,J041741.54-073609.6
66.60017022818428,-1.421868597524407,10995453912942957,23.377325,23.61853,20.20627,187.23222,19.279959,277.82507,19.095715,315.00916,J042624.04-012518.7
67.72894970845515,-9.459415117287207,10995405824200238,25.11133,5.908725,21.302866,97.70098,19.690512,225.869,19.580458,194.90721,J043054.95-092733.8
67.76994572307552,-8.548380110263004,10995411793743015,,-0.3556812,23.597818,11.430849,21.575775,37.309414,21.22578,53.824203,J043104.79-083254.1
67.87920418534141,-4.014666264489122,10995438827078565,25.40488,3.3527174,22.382381,22.740292,21.633284,40.37223,21.323648,42.552086,J043131.01-040052.7
70.11503034018365,-9.810292050788457,10995404344659308,26.65705,1.1523874,21.688684,41.276993,20.261364,127.70426,20.291162,95.148155,J044027.61-094837.0
71.4822137244771,-9.962799707376467,10995402860927439,,-1.774445,23.394556,16.158863,21.256598,57.492508,20.7503,81.771324,J044555.73-095746.0
71.98085903154517,-1.606252883749847,10995453934966852,25.694147,2.3366077,22.502384,24.651735,21.714415,47.199547,21.10759,44.33097,J044755.41-013622.5
73.08327221694273,-7.549834553052802,10995417802082352,27.895369,0.32009786,23.204014,14.143165,21.509876,29.341063,21.15876,48.82209,J045219.99-073259.4
73.2159306248632,-7.905939536027862,10995414807349851,28.564884,0.17737785,24.198517,5.872729,21.762514,43.640854,21.34571,40.843304,J045251.82-075421.3
94.18535957630296,62.3901427898805,9907740191755976,25.879595,0.691298,23.348818,4.702112,-9999.0,-9999.0,21.587719,34.651554,J061644.49+622324.5
107.27823693754434,57.48898646062384,9907739243646885,28.78967,0.086608,23.103813,9.219446,-9999.0,-9999.0,21.301163,39.088562,J070906.78+572920.3
108.476375833028,34.497782528582505,9907733227768672,24.827387,4.418638,22.168293,27.095974,-9999.0,-9999.0,20.76273,50.75354,J071354.33+342952.0
109.07573114241124,38.10860820177861,9907734296531647,25.431932,2.17405,22.714418,13.510426,-9999.0,-9999.0,20.989532,45.25021,J071618.18+380630.9
109.88265759275016,38.225795656136754,9907734371238610,,-0.809253,22.942085,11.525244,-9999.0,-9999.0,20.504482,66.60934,J071931.84+381332.8
113.47727722529706,45.13151633388781,9907736349380232,26.206722,0.83814,22.76122,16.26573,-9999.0,-9999.0,20.91954,48.55786,J073354.55+450753.4
114.1074171860325,27.81352884048664,10995624528841496,26.9955,0.67684835,23.464466,10.633235,21.728334,31.092365,21.401306,33.962307,J073625.78+274848.7
114.7001833454555,26.25911977944073,10995616440125361,28.134668,0.28500733,23.296547,12.052567,21.432045,45.37584,20.973593,48.83543,J073848.04+261532.8
115.5648273927223,21.83968540653295,10995591569999094,27.138735,0.60861444,22.535683,20.649452,20.395405,72.85004,20.391848,83.743675,J074215.56+215022.8
116.3136160715251,19.33349116302523,10995577403736473,25.11855,4.0688477,21.762182,44.91637,20.052864,133.65843,19.986572,96.81951,J074515.27+192000.5
119.5102117330665,25.06751780448003,10995609636963509,,-0.42302164,22.716288,16.589275,20.501476,107.44392,20.27134,73.753174,J075802.45+250403.0
119.52059780823124,38.87226034105269,9907734521384843,26.548817,0.678699,23.199957,9.096955,-9999.0,-9999.0,20.876343,48.224724,J075804.94+385220.1
120.33394397662364,46.7111612198388,9907736745610289,,-0.271334,23.0175,8.965474,-9999.0,-9999.0,21.03704,39.787003,J080120.15+464240.1
120.4318534990262,26.75992726457061,10995619170619770,26.595772,0.98368466,23.083498,12.95687,21.183687,57.615692,21.011246,28.332037,J080143.64+264535.7
120.72461701904577,33.30915278453214,9907732837566218,,-0.155806,23.568602,5.449857,-9999.0,-9999.0,20.806602,38.416344,J080253.91+331832.9
121.0101513450676,17.13782548019414,10995565927073447,27.078619,0.68705404,22.65234,23.297663,20.640224,105.06358,20.520412,71.31378,J080402.44+170816.1
122.72361758150087,74.91361712950317,9907741917446797,25.639044,1.262045,21.919836,23.408978,-9999.0,-9999.0,20.070934,73.53468,J081053.67+745449.0
123.1020351779961,6.864086372782472,10995503912194837,,-1.4852444,23.858799,5.9296293,21.311647,72.32158,20.803204,53.454723,J081224.49+065150.7
123.7058727461514,44.66076357376153,9907736217258397,26.623451,0.680273,23.384544,8.096274,-9999.0,-9999.0,21.055721,33.87966,J081449.41+443938.7
124.21487397085778,73.31737439163864,9907741734866824,,-0.485554,22.97426,7.130201,-9999.0,-9999.0,21.297173,33.138325,J081651.57+731902.5
124.63864447123564,35.73886906823061,9907733618298500,,-0.82876,23.46485,8.74044,-9999.0,-9999.0,21.002556,50.64625,J081833.27+354419.9
124.901765825726,2.052769363384799,10995475296555065,26.488518,0.73220176,22.799814,17.009153,21.121672,49.174465,21.101767,34.54581,J081936.42+020309.9
125.42793163790992,34.820110553053965,9907733309358891,,-0.885836,22.641922,18.37136,-9999.0,-9999.0,20.65397,74.91458,J082142.70+344912.4
125.53268117160232,73.27773415290363,9907741734995604,23.625954,7.687642,20.786783,53.720417,-9999.0,-9999.0,19.587143,140.11665,J082207.84+731639.8
125.6297119511409,-2.366584356306497,10995449630559181,24.750046,4.2953153,21.709518,44.458427,inf,0.0,20.332878,60.03676,J082231.13-022159.7
125.83334733820828,37.41311402821975,9907734150252982,26.348507,0.756638,22.187756,17.847727,-9999.0,-9999.0,20.613497,95.506065,J082320.00+372447.2
126.1265134055453,28.38133053031344,10995628576343384,26.921453,0.5917809,23.042532,10.812232,21.591314,36.25938,21.021612,30.025482,J082430.36+282252.8
127.4959954677094,5.943477807509152,10995499424289455,24.195652,5.857573,21.511171,43.58984,20.80602,60.680588,20.303864,42.465153,J082959.04+055636.5
127.9732342251533,-0.7715288844858041,10995458699696390,25.356794,3.786789,21.938011,53.205128,20.341068,75.53385,20.115295,106.77114,J083153.58-004617.5
129.771763252945,30.22947763245515,10995637819540371,27.24971,0.5074782,22.53021,25.889933,inf,0.0,21.281393,28.684801,J083905.22+301346.1
131.627543014421,-1.722842697408669,10995452675625654,25.976006,1.8301831,21.624203,112.25397,19.907978,91.520164,19.981905,120.11552,J084630.61-014322.2
132.63523280611437,37.69261305475703,9907734226669303,25.767359,1.568609,22.628632,12.708569,-9999.0,-9999.0,21.03034,64.51214,J085032.46+374133.4
132.8174936761496,30.16019398839524,10995637830028262,,-0.021109525,27.072443,0.3336835,22.53516,9.069555,21.21836,30.434093,J085116.20+300936.6
133.9519541041835,7.610658764349454,10995508457767388,28.460188,0.23318869,27.04539,0.5366742,24.541626,2.7832673,21.028425,36.779457,J085548.47+073638.3
134.0275018538613,-6.589431063935879,10995424056837092,24.567621,4.6921444,22.03002,29.236132,20.367472,151.95601,20.403728,79.430855,J085606.60-063521.9
134.2392738620832,6.846563319736507,10995503958331919,25.612476,1.9501284,23.091932,12.019802,21.693275,31.887564,21.435743,13.052526,J085657.43+065047.6
134.5916801962998,5.881834994601783,10995499454693997,26.050228,1.498151,22.720976,18.466526,21.34793,24.14044,21.215984,28.461788,J085822.00+055254.6
134.7779237616298,5.221036015913255,10995494942673577,26.290916,1.3106306,28.295475,0.14128172,22.991175,7.9087586,21.465792,31.228134,J085906.70+051315.7
135.1205582285085,52.94729731533124,9907738274564001,26.23513,0.783651,22.870071,9.52507,-9999.0,-9999.0,20.97494,32.310097,J090028.93+525650.2
135.1374822938684,-6.872086768889083,10995422559473458,,-0.19990462,23.32429,9.904491,21.385248,63.03687,21.440472,25.998787,J090032.99-065219.5
135.4871962185967,-3.3158197625476,10995443633752378,26.865301,2.0200145,23.187954,13.671131,21.534918,46.318,21.35318,34.815872,J090156.93-031856.9
136.9359604063652,11.6424435117506,10995533800800990,,-1.8728067,,-0.11061196,23.166613,12.727341,20.778772,44.295395,J090744.63+113832.8
137.4631453222114,-3.53191967197339,10995442134287618,25.947777,5.12182,22.973614,26.584295,21.1406,50.897,21.00919,46.169125,J090951.16-033154.9
138.4001703052266,9.368276686827617,10995518943530900,25.675888,2.31187,22.48103,27.894474,21.18099,83.22169,21.019995,40.410152,J091336.04+092205.8
138.7377495259879,10.47415485034498,10995526390516141,,-0.06897891,26.386545,0.8014671,25.356686,1.3407234,21.270239,47.32149,J091457.06+102826.9
138.9250879246746,1.307528202531323,10995470825431643,,-1.388018,23.18573,35.525043,21.250048,28.329964,20.685127,53.440815,J091542.02+011827.1
139.1984603029138,1.683120711657922,10995473846380527,,-1.0056931,22.686455,50.00754,21.018673,36.633892,21.050182,29.287012,J091647.63+014059.2
139.9416107897265,1.506189467445728,10995472339575997,28.253925,0.56022817,23.2574,20.453781,21.343662,49.003857,21.438192,17.115469,J091945.99+013022.2
140.45262637094137,54.61675582298616,9907738611878463,25.70854,1.483804,23.224236,8.127207,-9999.0,-9999.0,21.173597,28.93442,J092148.63+543700.3
140.6220219353833,11.1940610106443,10995530853254999,24.694408,6.681034,21.672121,53.23936,20.542414,39.85095,20.350254,75.460396,J092229.29+111138.6
141.55230720906394,56.90441875291692,9907739145866531,25.462343,1.711634,22.139414,20.417877,-9999.0,-9999.0,20.96551,48.623096,J092612.55+565415.9
142.1960016257102,-2.449143161241764,10995448189819846,,-0.155841,21.858103,66.08969,20.076548,83.76004,19.801722,113.35821,J092847.04-022656.9
143.8589739853053,3.069793239243236,10995481416043745,25.632725,2.9041233,22.917553,24.02916,21.038305,62.36996,21.108236,49.842228,J093526.15+030411.2
144.0652345546293,3.234764523548475,10995482925992442,27.8734,0.33345795,22.757473,24.741209,21.2022,51.052914,21.054367,46.727562,J093615.66+031405.1
144.3351505378528,0.6740332768900522,10995467828595855,,-0.88054967,22.450956,76.017494,20.797255,51.495743,20.5359,97.06644,J093720.44+004026.5
144.4167810835346,-6.791001659485139,10995422598270234,26.252861,1.1275989,23.1223,13.116386,21.21547,36.630802,21.103975,35.492195,J093740.03-064727.5
144.4330093442387,53.23460634116357,9907738332956205,27.344774,0.238416,22.601126,13.466995,-9999.0,-9999.0,21.384691,29.485981,J093743.92+531404.5
144.677217416363,-6.040582469429159,10995427105050906,26.199507,3.768638,22.560488,32.038853,21.296907,43.954556,21.211895,33.05329,J093842.53-060226.1
144.6905783958751,-3.39082909721634,10995442163656039,26.26759,1.419504,22.538387,31.082022,inf,0.0,20.562683,68.38215,J093845.74-032326.9
145.1318379972834,3.297794208505866,10995482930189712,26.550785,1.0595179,22.493668,24.26317,21.039715,50.51735,20.906721,57.90939,J094031.64+031752.0
145.7168802020861,-5.94911095074614,10995427109246029,27.65778,1.1249322,23.231525,19.71288,21.156275,46.416027,21.322115,39.18897,J094252.05-055656.7
146.70603424195045,43.33123930663033,9907735812770574,25.292524,1.703223,23.131197,8.249537,-9999.0,-9999.0,21.17479,30.315039,J094649.45+431952.4
147.9890711117175,7.156730485238288,10995507015981329,25.611912,2.5418217,22.088594,66.42317,20.666388,42.264427,20.564825,64.29685,J095157.38+070924.2
148.02908172219426,43.52359325789478,9907735881846078,27.069876,0.348055,21.899818,21.943363,-9999.0,-9999.0,20.051504,100.79155,J095206.98+433124.9
148.2419189980274,16.28708001215431,10995560245891784,26.519506,1.1065302,23.453043,9.345381,21.645258,36.751293,21.30285,31.259367,J095258.06+161713.4
148.2949475483378,5.925742863693391,10995499511329094,27.630192,1.7778808,22.848598,13.065758,20.69791,347.4401,20.47448,61.010876,J095310.79+055532.6
149.0455834300764,2.440671442985381,10995478418165068,25.738028,6.2497807,22.664215,55.581768,22.14034,83.54054,21.745075,57.164562,J095610.94+022626.3
150.1653333499183,4.631006328350773,10995491995143033,25.238848,18.899,22.064518,104.30717,21.097399,245.4664,20.95097,43.73502,J100039.68+043751.6
150.8649596228958,15.63633736433712,10995557349723725,28.704966,0.12927562,23.139406,12.156352,21.790241,36.48361,21.298683,27.879599,J100327.59+153810.8
151.6915006327885,-2.948224618051888,10995445209769848,25.031502,8.182052,22.130234,83.8701,inf,0.0,20.610363,52.44618,J100645.96-025653.6
151.8340762621774,-0.271209903882815,10995461820258867,,-0.99464893,22.299204,161.6583,20.745949,219.7485,20.576649,204.04988,J100720.18-001616.3
152.1179217411876,-2.208295486256017,10995449741710782,24.3598,11.27091,21.12603,78.45347,inf,0.0,19.367966,148.02599,J100828.30-021229.8
152.1850037876441,10.80436497481756,10995527931923186,27.245716,0.48819667,22.443062,23.935991,20.7537,74.03046,20.63705,59.88796,J100844.40+104815.7
153.240458646034,-4.688196886762542,10995434664235215,24.299858,23.293665,21.595863,124.55722,inf,0.0,19.972544,141.88531,J101257.71-044117.5
153.7634548873864,-4.764526549416898,10995434666333408,26.022501,5.477836,21.410892,104.03706,inf,0.0,19.97468,104.25569,J101503.23-044552.2
155.5192767503631,6.528590835476732,10995502545899607,,-1.3283205,25.782608,1.0524862,23.60145,9.74415,21.381783,17.575418,J102204.62+063142.9
156.75745445307518,37.72783297252789,9907734231712604,,-0.906904,22.989223,8.663123,-9999.0,-9999.0,21.37272,28.572876,J102701.79+374340.2
157.05594124011256,38.15535256362174,9907734380939899,28.382439,0.146695,23.08918,8.416826,-9999.0,-9999.0,20.573517,59.5369,J102813.43+380919.2
157.1187734220295,11.31900538037834,10995530921411350,28.520288,0.15868844,22.56567,25.031538,20.701323,68.29734,20.85027,43.6968,J102828.51+111908.4
157.6297445717346,-2.512360156066618,10995448254830194,27.471811,1.2377068,23.13931,17.99288,21.164316,40.441586,21.023201,34.209366,J103031.14-023044.4
157.9516832743969,9.214849239380618,10995519024272121,,-0.49848476,,-1.9918795,22.692865,13.386652,21.018847,38.446213,J103148.40+091253.4
157.952082149427,4.614961560446074,10995490522923423,25.992832,1.4694086,22.546963,25.179024,20.780884,106.5769,20.69845,46.853645,J103148.50+043653.8
159.1966527986925,8.292875999762515,10995513054727754,,-0.72655797,22.651852,15.14692,20.877329,84.67736,20.86592,40.959667,J103647.20+081734.3
160.0560804328136,4.99776361404907,10995493542824869,,-2.2449572,22.495363,27.69888,20.504276,141.00664,20.14654,92.47117,J104013.46+045951.9
160.4516207299574,6.789317956135714,10995504068429233,25.557364,2.413838,22.484547,32.770462,21.201109,93.97251,20.98408,35.9239,J104148.39+064721.5
160.4553732607101,15.3526061061017,10995554473478405,,-0.439819,24.298958,3.5847824,21.496742,46.656197,21.034176,33.56685,J104149.29+152109.3
160.7448079139056,0.2788449520431505,10995464876861729,,-1.4799498,22.321596,47.189495,21.08312,55.326427,20.43387,88.3849,J104258.75+001643.8
162.4415717948091,10.39637824206262,10995526488036941,,-0.872265,22.323631,37.365475,20.67513,107.74847,20.501823,71.31221,J104945.98+102346.9
163.4832573171147,-4.884876680820725,10995433201468074,26.954975,0.69850695,22.077612,43.687157,20.403353,83.928856,20.211502,79.04126,J105355.98-045305.5
164.1633733588314,5.617369026371051,10995496570065729,25.55512,1.8663591,23.23049,10.241203,21.028803,60.500515,20.729628,44.5977,J105639.21+053702.5
164.3789461152036,-5.059789006254126,10995433204618167,,-2.1696584,23.14043,16.652592,21.09221,49.913826,21.178139,42.867348,J105730.95-050335.2
164.7008529946432,-6.726480312877931,10995422683202464,,-0.13700554,22.617449,25.677809,20.732073,50.02411,20.638329,47.96296,J105848.20-064335.3
164.9210897067748,-3.891154431557274,10995439232881601,26.82317,0.94782877,22.697779,26.077888,20.88397,69.43837,20.947985,49.761284,J105941.06-035328.1
165.1122383982261,48.82475470927992,9907737263081672,,-1.519614,22.972998,8.408769,-9999.0,-9999.0,20.758142,59.99943,J110026.94+484929.1
166.471547551945,0.9928294530959184,10995469430821956,29.921242,0.052543145,23.314777,12.466033,21.447174,63.245285,21.306559,35.396854,J110553.17+005934.1
167.0228453635916,4.579606535136501,10995490560673044,,-0.11288925,22.817263,15.786737,20.884808,87.62234,20.558285,57.648026,J110805.48+043446.5
167.0525668535225,15.35646117256145,10995554499696178,,-0.08004729,23.482895,10.66378,21.272,39.846535,21.2346,39.366486,J110812.62+152123.2
167.7988439459582,5.607157404568394,10995496585791433,,-0.6718975,23.328194,12.872022,20.670988,94.6164,20.600084,66.26093,J111111.72+053625.7
167.9316412789625,-1.628862632168912,10995452827668948,25.7871,1.6498908,23.188576,12.500159,21.722277,35.656384,21.010391,42.1425,J111143.59-013743.8
168.75737712287184,51.61780093536125,9907737931746793,25.44746,1.948614,21.834034,29.54309,-9999.0,-9999.0,20.138689,82.62638,J111501.77+513704.0
168.9409704380404,-0.4067334385662462,10995460381610231,28.53517,0.14217412,23.343067,9.114752,21.529604,34.974655,21.297865,31.438892,J111545.83-002424.2
169.1702202624317,38.06952078963701,9907734308981347,27.115198,0.328307,22.74163,12.563248,-9999.0,-9999.0,20.892088,39.053482,J111640.85+380410.2
169.6629405447446,3.723879318209963,10995486048655214,26.374899,1.4570096,22.440382,36.32232,21.3155,88.77302,21.223858,73.5297,J111839.10+034326.0
171.52576042994394,37.5608135363787,9907734159818891,25.362955,1.814434,22.840132,11.143179,-9999.0,-9999.0,21.357738,31.370827,J112606.18+373338.9
172.2445732859921,-5.846064687403796,10995428724048925,26.749247,0.6134264,23.162226,10.537312,20.847878,54.54667,20.574305,63.760307,J112858.70-055045.8
172.2647583803878,2.618593215818523,10995478515679579,25.544815,1.7769196,23.414555,13.486906,21.348797,39.34923,21.335182,27.604374,J112903.54+023706.9
172.3018329873705,-0.171760425854513,10995461906236541,,-0.27848062,23.094566,11.328702,21.560095,35.815025,21.378815,21.46932,J112912.44-001018.3
173.3078519043833,39.8938224524476,9907734898149824,26.751451,0.69907,22.720797,10.148652,-9999.0,-9999.0,20.856627,58.25399,J113313.88+395337.7
175.2129298049681,31.4877710457179,10995644476951249,,-0.8340376,22.965597,16.234379,inf,0.0,21.281797,33.032024,J114051.10+312915.9
175.4841929285589,7.055576986526432,10995505631854969,25.5353,2.1339831,22.693104,19.258863,21.10117,65.65036,21.077475,31.32674,J114156.21+070320.0
176.05452468741117,40.18375188634007,9907734971027386,25.65994,1.338804,23.775255,4.846321,-9999.0,-9999.0,21.411163,33.969757,J114413.09+401101.5
176.0972767263798,0.1882635936832172,10995464941865983,26.721876,0.8935962,23.280329,14.988641,21.581406,26.826487,21.422249,19.565758,J114423.35+001117.7
176.1372244988755,-3.425132049204061,10995442295771227,,-1.3702928,22.473618,22.949173,20.403112,111.62473,20.106298,91.86036,J114432.93-032530.4
176.7142053604984,-7.623458169550447,10995418233052533,,-1.3461932,22.82631,20.416672,21.0979,107.09307,20.802914,57.25839,J114651.41-073724.3
177.80134644086505,33.60918466528974,9907732929055693,25.153166,2.202135,25.792095,0.531807,-9999.0,-9999.0,21.596546,26.805088,J115112.33+333632.9
179.1705219546821,35.92469177687626,9907733706638526,27.242413,0.291265,22.602749,14.032513,-9999.0,-9999.0,21.011944,46.806885,J115640.93+355528.8
179.6623355342829,-5.373982441799217,10995431762825184,24.13155,5.9316926,21.506765,39.335373,20.04952,186.80896,20.03393,76.88154,J115838.96-052226.3
179.9034043198625,6.051599781646964,10995499643440870,,-0.26033622,24.410881,3.1261022,22.051395,20.78191,21.284452,25.745123,J115936.82+060305.7
180.1313334010187,45.07525571525242,9907736294917592,24.298677,4.391699,21.608892,27.067327,-9999.0,-9999.0,20.253445,71.28119,J120031.52+450430.9
181.9479900108888,-6.862221355543929,10995422754509920,,-1.4257611,22.446104,26.629343,21.103262,91.83867,20.868923,45.8362,J120747.52-065144.0
182.3768309933334,-3.517023403765503,10995442321984947,,-0.35191453,23.044958,12.721425,21.121534,67.45256,20.90146,47.186413,J120930.44-033101.3
182.7573051059971,16.18868235068024,10995560385350706,,-0.9179836,21.444017,42.19658,inf,0.0,19.712069,96.8793,J121101.75+161119.2
183.33422044304925,36.82868479826795,9907733935950458,25.805302,1.063519,22.09444,20.251415,-9999.0,-9999.0,20.565874,61.939438,J121320.21+364943.2
183.9906462227903,-1.127694181422659,10995455914679085,,-1.3797108,22.361254,39.019306,inf,0.0,20.45388,72.24343,J121557.76-010739.7
184.1012348324819,-2.543436511659358,10995448365976258,27.81118,0.37006748,22.778894,24.310863,inf,0.0,20.76455,52.939293,J121624.30-023236.3
184.277881172126,-4.331877613126505,10995437806813688,27.216473,0.4086251,23.123707,9.02211,21.375591,55.49125,21.182718,46.473843,J121706.69-041954.7
185.1155787453989,6.71718727895867,10995504171191908,26.5417,1.5734612,22.891947,25.405174,20.896622,146.45097,20.564325,52.14053,J122027.74+064301.8
185.4546813860762,15.9644908603851,10995558944604224,24.745667,4.9973693,21.889257,42.88043,21.095676,72.86278,20.861414,84.97279,J122149.13+155752.1
187.0291852258793,1.204629589010219,10995471027798895,27.268185,0.59631413,21.808485,63.48869,20.212662,145.49577,19.990505,102.70131,J122807.00+011216.6
187.13449360961997,34.39292581172638,9907733244807198,24.736979,2.93876,22.17226,16.533592,-9999.0,-9999.0,21.016233,36.670406,J122832.28+342334.5
187.61147689511915,41.47787490280508,9907735331146996,,-0.409811,,-0.558497,-9999.0,-9999.0,20.561789,79.32234,J123026.75+412840.3
187.9304640073641,-1.84144442284472,10995452911554569,28.331915,0.16942522,22.871603,12.628801,20.969725,93.02151,20.97016,40.453876,J123143.31-015029.1
188.3166194821192,-3.005216005690416,10995445363902095,25.440296,1.9705316,22.441362,18.25279,21.558044,65.23695,21.353407,25.070253,J123315.99-030018.7
188.8053151968972,33.1588797358416,9907732852508243,29.26777,0.051821,22.671638,11.741068,-9999.0,-9999.0,20.945358,26.711681,J123513.28+330931.9
189.83328979242316,34.858550591143754,9907733323253315,25.815113,1.119375,21.80342,26.268187,-9999.0,-9999.0,20.09583,85.22677,J123919.99+345130.7
191.4444103990697,35.913484432022976,9907733709259364,26.655693,0.580219,22.800014,9.998488,-9999.0,-9999.0,20.894644,67.14045,J124546.66+355448.5
191.45770532834916,32.805022403190506,9907732694501946,26.29234,0.874174,22.807184,7.746602,-9999.0,-9999.0,21.089975,45.86149,J124549.86+324818.1
191.5892381787631,-5.301387568741371,10995431813154487,26.442446,0.75362825,22.92427,11.469785,20.836739,57.344013,20.814976,50.73979,J124621.42-051804.9
191.7128909147764,-0.5425192439142403,10995460477040712,24.897963,5.986588,22.460972,142.93488,21.657799,54.449654,21.338198,25.033623,J124651.09-003233.0
193.029617885402,3.146777881644103,10995483131511507,25.734867,1.9466558,22.488932,86.18244,20.773247,80.36575,20.782055,57.447235,J125207.11+030848.4
193.3909173365526,32.868737075477306,9907732694958670,,-0.421806,22.597305,14.510559,-9999.0,-9999.0,20.867392,45.70712,J125333.82+325207.4
193.60304241173537,36.65898492812148,9907733938113196,,-1.063542,25.258482,1.072576,-9999.0,-9999.0,21.475016,26.757912,J125424.73+363932.3
194.7999385490506,-0.1365038993900989,10995462000608542,28.906553,0.11771122,23.321373,11.465816,21.244802,52.998104,21.097513,37.11589,J125911.99-000811.4
196.9299818771446,44.45040368637388,9907736163583612,29.215334,0.048567,22.872347,9.065627,-9999.0,-9999.0,20.832928,38.787052,J130743.20+442701.4
198.1555398375044,26.57209556426096,10995618110505718,,-0.75408363,23.501757,6.896422,inf,0.0,20.592691,52.499382,J131237.33+263419.5
198.9884343415215,-2.032678064551886,10995451447744919,28.122545,0.32818803,22.789755,19.894634,21.340008,72.62511,21.310379,34.718403,J131557.22-020157.6
199.3827864074409,3.242391514896709,10995483157727241,25.886616,1.785751,22.550459,21.742428,21.67319,28.883322,21.354246,25.211334,J131731.87+031432.6
201.3597907880598,1.511532450114582,10995472597519020,25.919937,1.7010179,22.850603,14.197864,20.851585,78.978226,20.664986,59.454025,J132526.35+013041.5
206.0481012550175,44.7815380121132,9907736232657678,27.136892,0.317389,23.22534,6.15504,-9999.0,-9999.0,20.830105,50.126163,J134411.54+444653.5
206.6576299361789,32.35527761488265,10995648444761703,25.224613,2.0462735,22.096004,16.622215,inf,0.0,21.222952,26.502491,J134637.83+322118.9
207.4582525109277,2.760457047788178,10995480172435295,,-1.4848963,21.932291,35.272953,20.151354,120.06964,19.85538,127.56525,J134949.98+024537.6
208.4792479266804,49.85005810188047,9907737517755450,,-0.596749,21.619476,35.15255,-9999.0,-9999.0,19.967756,99.401344,J135355.02+495100.2
210.3039682028065,-5.96313198499122,10995427378729222,,-0.041418448,22.991331,14.179299,inf,0.0,21.152487,37.690834,J140112.95-055747.2
210.7417768276851,-6.484610816320703,10995424376653893,26.439991,1.3190655,,-0.29113507,24.292425,1.6591976,21.510128,26.087252,J140258.02-062904.5
211.3112383077767,41.42263166292008,9907735335862741,,-0.311624,22.143333,18.687239,-9999.0,-9999.0,20.140255,126.263985,J140514.70+412521.4
211.72837559645723,43.67383724878575,9907735962583106,25.48466,1.781426,23.07459,8.799541,-9999.0,-9999.0,21.278397,29.788727,J140654.81+434025.8
211.73285108847935,34.57717451293684,9907733250116714,24.798168,2.467552,21.583652,19.900576,-9999.0,-9999.0,19.844296,110.14614,J140655.88+343437.8
211.9365864163249,37.02013963352164,9907734017606423,,-2.048259,25.334824,1.383837,-9999.0,-9999.0,21.2669,29.744486,J140744.78+370112.5
212.852216564006,7.302249734592405,10995507286510704,,-0.75034,22.01288,40.284843,19.975235,142.55104,19.685064,146.73251,J141124.53+071808.0
215.5650102295217,-5.647184837560531,10995428904406745,,-1.3773855,23.177492,11.64002,20.984604,75.88471,20.652622,65.28426,J142215.60-053849.8
215.7902037118426,-3.006190800226735,10995445479245680,25.719994,3.6367345,22.55268,50.370453,21.441967,50.524635,21.215384,89.60576,J142309.65-030022.3
216.1627170164273,26.73611879142312,10995619530278804,25.374195,2.6258795,22.440096,22.92353,inf,0.0,20.756641,35.77659,J142439.05+264410.0
216.2666977273495,-5.177561074464498,10995431915916721,,-0.7203824,22.468801,18.52202,20.592775,111.12243,20.588993,44.984386,J142504.01-051039.2
220.3902032715563,1.69128171313132,10995474187163639,27.724316,0.58075005,23.419498,23.853788,21.523586,38.61588,21.181322,91.76156,J144133.65+014128.6
220.97938046505263,35.015456561793656,9907733407533221,,-1.531162,25.85196,0.794204,-9999.0,-9999.0,21.215738,40.47725,J144355.05+350055.6
221.186233851384,64.58566039349859,9907740545844541,28.99106,0.063387,22.438381,14.350895,-9999.0,-9999.0,20.290869,61.221973,J144444.70+643508.3
221.6887906735421,36.82483435254715,9907733944012015,25.288858,1.924411,22.637295,13.659462,-9999.0,-9999.0,21.280275,32.677444,J144645.31+364929.4
221.8678209171834,37.18476043058679,9907734095072197,24.905787,2.755953,22.350891,17.235184,-9999.0,-9999.0,20.986082,35.721123,J144728.28+371105.1
221.8914767931667,9.01139849308954,10995517797444938,26.69326,2.4923348,22.690813,89.36534,21.327045,24.05018,21.267303,74.347336,J144733.96+090041.0
222.44491547980851,33.3286833143827,9907732859912881,,-0.448383,24.667435,1.887496,-9999.0,-9999.0,21.192362,33.421646,J144946.78+331943.2
223.2361998430979,14.38851554901077,10995550345236366,24.621145,3.9870603,21.108847,68.96094,inf,0.0,19.404388,148.71341,J145256.69+142318.6
223.6300975676304,-2.3108457432709,10995450041603694,25.620796,4.546235,22.538397,59.11022,20.958643,76.0256,20.850685,137.03043,J145431.22-021839.0
223.747105505137,11.15774741439871,10995531195093831,27.158508,0.6354643,22.875982,18.944136,21.267756,35.16967,20.910055,44.034508,J145459.31+110927.9
224.4436750877383,-1.431113957200796,10995454574598518,26.909134,0.8785758,22.730566,29.923124,20.41936,119.59939,20.124846,107.11591,J145746.48-012551.9
225.07988055795,-5.975738782543844,10995427440596344,26.784124,1.2822169,24.704865,6.615912,24.316317,2.408817,20.99624,84.88569,J150019.17-055832.6
225.6780890199765,36.28036781444765,9907733792885398,26.512682,0.735038,22.572899,11.896088,-9999.0,-9999.0,20.9924,36.83278,J150242.74+361649.3
225.8251929847807,-6.404857689090564,10995424439568839,26.195398,1.977645,22.936829,22.696531,21.292215,45.930645,21.290476,35.77606,J150318.05-062417.5
226.4041344221128,5.877017511268138,10995499837431087,25.23755,8.416467,22.212608,116.36646,20.59564,76.96291,20.66393,60.069485,J150536.99+055237.2
227.6774156199771,12.49175294752959,10995538606427077,25.829054,2.1863022,22.521414,27.293207,20.89196,61.648037,20.842125,34.547558,J151042.58+122930.3
228.1187646473868,-7.015365199796845,10995421446931516,,-0.0875001,23.559652,10.561166,20.909405,66.1243,21.013704,47.464367,J151228.50-070055.3
228.8040909682992,16.40688927756541,10995562021127851,25.57162,2.2662098,22.507153,18.427017,inf,0.0,20.677673,47.630516,J151512.98+162424.8
228.9139051823512,-5.058862242774842,10995433475146601,27.225964,0.7586077,23.340807,15.420118,21.596668,31.843319,21.428255,37.831757,J151539.34-050331.9
229.5292512008638,15.74838953970912,10995557667443141,,-0.85677004,23.616804,6.8546453,inf,0.0,21.17706,24.155792,J151807.02+154454.2
230.4367678803851,32.04121539609795,10995647248337629,,-0.48182315,23.449457,9.705585,inf,0.0,21.160631,37.029537,J152144.82+320228.4
230.924233753663,20.82051293838083,10995586383744007,,-0.7060355,22.762125,15.669147,inf,0.0,20.879738,28.976799,J152341.82+204913.8
231.4852894455436,38.84452322821622,9907734544384164,,-0.902052,26.25681,0.389414,-9999.0,-9999.0,20.487095,59.843067,J152556.47+385040.2
232.4723959806065,37.3827775558656,9907734172532929,25.83378,1.12785,22.480038,13.328141,-9999.0,-9999.0,21.03404,38.432007,J152953.38+372258.0
233.4122026922865,39.53619684967698,9907734764848417,27.078976,0.345307,22.737637,10.142608,-9999.0,-9999.0,21.076881,49.097763,J153338.93+393210.3
233.4717597440896,2.513431185784901,10995478771543276,,-0.55599594,22.596949,61.20133,inf,0.0,20.117252,221.64084,J153353.22+023048.3
233.4718633858277,22.78844743717919,10995597626576014,26.60276,1.1059636,22.155998,35.4437,inf,0.0,20.01858,87.31323,J153353.25+224718.4
233.532845979821,38.7942927262538,9907734544778762,26.014141,0.95022,22.978325,9.032412,-9999.0,-9999.0,20.917215,32.5175,J153407.88+384739.4
234.5014130281629,33.83926699767787,9907733020215850,,-0.688781,25.127771,0.986942,-9999.0,-9999.0,21.098991,48.682243,J153800.34+335021.4
234.5103436142734,11.93366675378937,10995535680899861,,-0.897636,23.569683,7.46562,inf,0.0,21.247168,24.31563,J153802.48+115601.2
235.0236077539163,1.64584903272348,10995474249023998,26.63998,0.785468,22.691175,23.381044,inf,0.0,20.860432,50.978714,J154005.67+013845.0
237.21056861045147,43.100765257726906,9907735761063011,25.585154,1.487293,24.31549,3.093155,-9999.0,-9999.0,21.386295,33.036957,J154850.54+430602.7
237.3318947614458,31.51175459614433,10995644699251069,24.411766,6.726829,21.360767,69.05494,inf,0.0,20.043253,92.95051,J154919.65+313042.3
237.5371048071873,2.984768067634419,10995481809257202,28.136425,0.18888146,22.14203,30.802448,20.441507,56.430077,20.086567,70.90191,J155008.91+025905.1
237.5818570922061,14.3665697050824,10995548939095127,25.378775,2.3864586,22.20677,27.594994,inf,0.0,20.343447,70.7133,J155019.65+142159.6
237.7358655196475,30.06490022314044,10995636903086611,25.41295,3.32117,22.20701,32.073322,inf,0.0,20.915092,47.28869,J155056.61+300353.6
238.03945757714,-0.3865648082892144,10995460672063590,,-2.3525553,23.659887,31.495136,21.488752,29.099396,21.290339,41.351173,J155209.47-002311.6
238.8979804725114,7.208154413861715,10995507394516669,,-0.75328505,23.024323,16.915606,20.993097,45.967518,20.740625,48.636528,J155535.51+071229.3
239.1479314041697,33.69513660652309,9907733021262538,25.319101,2.186881,25.700422,0.899607,-9999.0,-9999.0,21.00589,52.381058,J155635.50+334142.4
239.873098573951,3.74103878611404,10995486343300261,27.089619,0.622163,21.921795,47.26887,20.674734,64.38828,20.587082,63.424755,J155929.54+034427.7
240.55781482744905,35.05859116243738,9907733411729025,,-1.546535,24.668268,1.69997,-9999.0,-9999.0,21.109434,50.245506,J160213.88+350330.9
241.3496074866156,33.08344642041378,9907732784939957,,-1.076948,23.297575,7.925982,-9999.0,-9999.0,20.563,55.41617,J160523.91+330500.3
242.2766118755361,5.634618471432081,10995498400875266,24.99553,2.956973,22.384054,25.22943,21.188745,37.153973,20.753843,85.13808,J160906.39+053804.6
242.3214655124891,33.92516466423787,9907733100429625,25.22544,2.202494,23.10445,8.695089,-9999.0,-9999.0,21.113312,46.736374,J160917.15+335530.6
242.8272869928966,6.539861586026384,10995502909762121,25.38217,5.40988,22.187855,74.69775,20.655338,65.579185,20.181889,246.77965,J161118.55+063223.5
243.7162512317593,5.972630503465876,10995499909782876,,-2.249629,22.295433,40.943596,20.104351,118.59066,20.202534,174.77188,J161451.90+055821.4
244.3629439341668,14.77417975577404,10995551893981293,25.52032,3.1718483,22.96367,23.955498,inf,0.0,21.382298,31.084566,J161727.11+144627.0
244.9917515998395,18.34454606093925,10995572186023336,25.840153,1.1533355,22.315104,24.947355,inf,0.0,20.945328,32.18062,J161958.02+182040.3
244.99951374358432,37.3395356124037,9907734099921751,,-0.083977,22.248543,17.25198,-9999.0,-9999.0,21.039827,43.076385,J161959.88+372022.3
245.3694016885707,11.55707577721758,10995532765858721,,-0.093615554,22.853891,20.690046,inf,0.0,20.958986,48.2166,J162128.66+113325.4
246.4437416658114,8.190829806326164,10995513417533046,25.570713,2.4101758,21.79446,45.313175,20.149956,189.75525,20.1184,192.03575,J162546.50+081126.9
246.4760404699038,28.07858569386827,10995626357557000,,-0.6257177,23.125645,19.004652,21.166061,49.36376,20.786684,54.98675,J162554.25+280442.9
246.9776755515938,10.46085658728795,10995526837212015,,-0.57002884,22.325476,31.669125,20.274199,122.12026,20.096285,102.4883,J162754.64+102739.0
247.0769277511098,14.39244674307654,10995550442750524,25.809793,1.3416553,26.313284,0.5812301,inf,0.0,21.040005,36.471077,J162818.46+142332.8
248.5179538617215,8.866423503131651,10995516415410423,,-0.55478865,22.910637,16.353672,20.93326,62.00158,20.64964,61.5994,J163404.31+085159.1
248.89105534939475,42.90641061387791,9907735763354060,25.429697,1.968089,22.432152,16.954182,-9999.0,-9999.0,20.429737,81.76289,J163533.85+425423.0
248.9682680162843,33.09651821523146,9907732786581326,26.57652,0.617494,22.442533,14.953074,-9999.0,-9999.0,20.093136,92.58924,J163552.38+330547.5
249.6619725932494,39.8905631207988,9907734913548388,26.423399,0.675085,22.690325,16.753338,-9999.0,-9999.0,20.611485,67.73634,J163838.87+395326.0
250.2559531310553,33.64617823949257,9907733023687731,25.600195,1.629734,21.83681,23.575735,-9999.0,-9999.0,20.08273,114.52714,J164101.43+333846.2
250.8083394844707,0.1836543392686436,10995465255390135,,-0.6778425,23.15812,21.544264,21.017616,116.12905,20.705645,138.65726,J164314.00+001101.1
251.3204521644934,26.5624818635454,10995618309739932,26.433306,1.1329917,22.567646,21.583298,inf,0.0,21.47221,23.255268,J164516.91+263344.9
252.2318333635061,34.11861537799343,9907733102531372,26.914799,0.516673,22.870008,13.028501,-9999.0,-9999.0,21.16514,37.696823,J164855.64+340707.0
252.81771604333423,53.068425357684745,9907738293178644,25.454468,1.734481,22.707127,15.080167,-9999.0,-9999.0,20.986546,43.15636,J165116.25+530406.3
253.6775800634051,29.92880105995888,10995636960760135,,-3.7445552,23.770277,7.197658,inf,0.0,20.772743,40.39125,J165442.62+295543.6
253.97856818645263,43.164690528407576,9907735833346798,24.928104,2.402561,22.37253,15.441064,-9999.0,-9999.0,20.843004,51.030514,J165554.86+430952.8
255.40272829269773,37.208060152211104,9907734102085676,,-0.040466,23.627604,6.146018,-9999.0,-9999.0,21.25596,33.861965,J170136.65+371229.0
255.7919531312869,4.546085060031789,10995490931870795,24.021254,4.840083,21.234076,44.60116,20.188198,67.47903,20.05055,77.073906,J170310.07+043245.9
255.91995699364537,51.0782096044642,9907737827610867,,-1.820458,22.997402,9.768226,-9999.0,-9999.0,20.287525,85.169586,J170340.79+510441.5
256.24377742063245,33.92324086928797,9907733103445506,,-1.780103,22.419222,14.872794,-9999.0,-9999.0,20.51503,58.64249,J170458.51+335523.6
256.495206895234,5.146217107068427,10995495452280173,24.57202,5.352986,21.211067,74.64416,20.014704,155.8549,19.95652,102.50311,J170558.85+050846.3
258.4646060274187,35.00035940734529,9907733415595568,25.607868,1.574759,22.48594,11.82661,-9999.0,-9999.0,20.57562,58.99017,J171351.51+350001.2
258.5459915343381,40.83817201454555,9907735131393486,25.621267,1.482617,22.36949,15.724621,-9999.0,-9999.0,20.896166,44.23642,J171411.04+405017.4
259.2311185505824,22.33719234285245,10995594933833959,26.267387,1.0948673,22.200523,27.956242,inf,0.0,20.545595,66.51335,J171655.47+222013.8
261.3750244225324,59.577579479296965,9907739661177119,25.296307,2.06944,22.527233,14.631615,-9999.0,-9999.0,21.331343,28.812227,J172530.01+593439.2
261.96255585153915,60.33121714737086,9907739803912274,,-0.383997,24.404348,3.200002,-9999.0,-9999.0,20.359743,49.1712,J172751.01+601952.3
262.5913675351266,24.77199812624291,10995608809639875,27.842064,0.34082744,23.51225,9.73116,inf,0.0,21.388666,25.241701,J173021.93+244619.1
262.8158584418424,30.89459352115786,10995642205735028,25.143055,2.619216,22.473106,20.984169,inf,0.0,20.59725,36.97531,J173115.81+305340.5
264.03249450542023,37.83821203610287,9907734253997000,23.895718,8.668799,20.977978,59.998264,-9999.0,-9999.0,19.78407,75.09077,J173607.80+375017.5
264.8051433807173,44.75093371982994,9907736243604595,,-0.600646,22.956099,7.555965,-9999.0,-9999.0,21.033018,38.53477,J173913.23+444503.3
264.8436410727199,52.22235268477557,9907738122718418,25.534992,1.677916,22.292639,19.54455,-9999.0,-9999.0,20.250557,81.740555,J173922.47+521320.4
266.41587404296985,35.938094829499185,9907733725186085,25.513657,1.294621,22.838299,12.724874,-9999.0,-9999.0,20.804379,33.10183,J174539.81+355617.1
267.23626866997,50.57689018123199,9907737709777223,,-1.233464,22.397758,17.4987,-9999.0,-9999.0,20.511715,58.72386,J174856.70+503436.8
267.3662112857697,30.53024465455931,10995639623097426,25.596972,2.190596,22.582558,26.326792,inf,0.0,20.505878,57.73352,J174927.89+303148.8
269.0940460893468,63.81097455745128,9907740427159172,,-0.96272,25.699211,0.859739,-9999.0,-9999.0,21.216427,23.390343,J175622.57+634839.5
269.8025993381688,46.3587011903586,9907736642390143,25.276402,1.477116,21.920273,19.88587,-9999.0,-9999.0,20.603113,67.20871,J175912.62+462131.3
270.2891568333543,66.85188999034276,9907740903409383,26.426474,0.76026,22.621073,16.357403,-9999.0,-9999.0,21.01727,38.2417,J180109.40+665106.8
278.26588581269715,33.72379473365905,9907733029786133,25.457014,1.570038,22.307364,15.294663,-9999.0,-9999.0,21.012249,42.44334,J183303.81+334325.6
279.8005339627603,55.07694252630293,9907738742424117,26.21786,0.803331,23.087831,6.97102,-9999.0,-9999.0,21.452824,26.643988,J183912.13+550436.9
279.8688993520232,34.83231705851549,9907733342716142,24.944748,2.962511,22.724092,13.090789,-9999.0,-9999.0,21.280298,28.909153,J183928.54+344956.3
282.1437575692445,58.330564790308514,9907739419411636,24.368605,4.430082,21.806946,28.9056,-9999.0,-9999.0,20.250109,80.49003,J184834.50+581950.0
289.2447553224102,67.39793537292816,9907741015736949,25.22971,2.284889,22.900288,10.797009,-9999.0,-9999.0,21.125149,26.902874,J191658.74+672352.5
310.764640307675,-5.91460355190764,10995427798162938,,-0.40218255,23.19297,9.408967,inf,0.0,21.16838,29.973906,J204303.51-055452.5
312.4090435145794,-4.417618408287082,10995436835833430,25.200644,2.856121,21.593935,70.50042,20.117668,145.44688,20.027594,112.56784,J204938.17-042503.4
316.9385015252974,5.404825979890497,10995497208646996,25.538765,2.5247314,22.982456,14.527203,inf,0.0,21.147284,38.764378,J210745.24+052417.3
324.126957233963,6.556883030363663,10995503249492227,,-0.6839349,22.235981,37.798298,20.222622,167.63992,20.152311,132.4127,J213630.47+063324.7
326.2306872188593,-8.068059844862141,10995415860117845,,-2.2636101,21.244408,62.669594,19.581127,187.86156,19.2958,173.26761,J214455.36-080405.0
326.9500442236741,-1.111836775934329,10995458024415275,26.575893,1.3041065,22.99243,30.210009,21.59399,47.78888,21.369839,57.00931,J214748.01-010642.6
327.3057367467881,-7.286629771293417,10995420360606554,24.921492,4.329035,22.236563,25.290934,21.105007,56.691906,20.822744,50.013607,J214913.38-071711.8
328.9976809569944,25.97386744032233,10995615890673542,24.723822,9.514432,21.758736,90.39358,20.57325,158.20152,20.389963,69.070816,J215559.44+255825.9
329.6440775111505,-7.965931049757414,10995415873760752,25.587957,3.2074587,22.313555,187.05211,20.305914,84.23779,19.900644,122.1992,J215834.58-075757.3
333.0931392851168,24.44956142602812,10995607704441533,25.960886,1.5717508,22.091635,26.835077,inf,0.0,20.443785,68.54379,J221222.35+242658.4
335.1403002305256,12.22288628200005,10995537570435253,26.010885,1.8870041,22.680698,11.582211,inf,0.0,21.242151,28.529793,J222033.67+121322.3
335.665397583687,19.38221806213462,10995579700117970,25.471848,2.4487925,22.568508,19.082333,inf,0.0,21.038843,42.941242,J222239.70+192255.9
336.096226316178,9.8140210922306,10995522742521812,,-0.955202,24.238771,5.5458584,inf,0.0,21.13741,37.77824,J222423.09+094850.4
337.1391181461148,9.263118061293762,10995519766663284,,-0.96024203,22.998,11.890968,inf,0.0,20.374468,68.05316,J222833.39+091547.2
338.1620337512298,1.849780033527035,10995474681046681,,-0.667894,24.429571,17.562532,22.386805,15.81029,21.412462,74.94482,J223238.89+015059.1
339.4222231179037,-4.498765436348604,10995436948034957,,-0.3313123,23.459272,14.243344,21.289272,35.39352,21.095154,43.102657,J223741.33-042955.5
339.4742544432574,-5.82081072870903,10995429422401110,,-0.49134701,22.673525,21.63289,20.972689,66.18032,20.831821,39.13733,J223753.82-054914.9
339.6762854895397,23.95882393994384,10995604973948334,,-2.6173513,,-1.2237664,inf,0.0,20.376247,60.992737,J223842.31+235731.7
339.9855604595281,-1.85888664761383,10995453549093368,25.806953,2.9451826,22.598951,49.692085,20.764713,116.56175,20.831448,98.12258,J223956.53-015132.0
340.1071223350288,7.512259214405361,10995509315510843,27.969639,0.4776521,25.788725,3.1806324,inf,0.0,20.941786,50.98698,J224025.71+073044.1
340.9898035917115,4.746287762474392,10995492794139486,,-0.25112718,23.196589,9.822902,inf,0.0,20.728909,50.99194,J224357.55+044446.6
341.9214922361177,9.426476345494136,10995521277660489,,-3.5173988,23.989595,5.0434093,inf,0.0,21.070175,42.90456,J224741.16+092535.3
342.0334132729702,-12.11526740315067,10995392104631243,26.19035,1.1810578,23.040089,14.212422,20.855642,44.422424,20.631357,61.255608,J224808.02-120654.9
342.0351682144827,30.41173414525883,10995639893628635,26.710598,0.8564491,23.120335,10.487811,inf,0.0,20.986761,35.81905,J224808.44+302442.2
342.8378784772444,-5.230799308688121,10995432445447966,28.705374,0.15836698,22.866545,22.315794,21.333822,39.163048,20.893444,65.42487,J225121.09-051350.8
344.2432409561357,15.04919382178169,10995553759396342,,-1.3677808,21.79436,43.24571,inf,0.0,19.957653,103.58228,J225658.38+150257.1
345.4693951406845,16.93303322352724,10995565382863059,26.508871,1.1403753,22.428389,26.294271,inf,0.0,21.143255,39.857784,J230152.65+165558.9
346.0374826198886,10.45696100707402,10995527247200315,26.700426,0.90743554,22.426006,22.063679,inf,0.0,20.330778,77.18741,J230409.00+102725.0
346.5977634092221,-11.59639029759378,10995395084683845,23.980349,10.426864,21.077276,84.03006,19.701666,187.10442,19.555817,167.11337,J230623.46-113547.0
347.6613537242637,3.60388502555874,10995485286338010,25.171572,3.8203688,21.629932,53.1316,inf,0.0,20.569532,66.84433,J231038.72+033613.9
347.8578020657203,-5.419357609856545,10995430960663840,27.34076,0.41806558,22.304516,20.114025,20.518166,92.46825,20.302536,81.25593,J231125.87-052509.7
347.9744623750856,15.77261477028024,10995558146641088,25.240658,2.7618551,22.291666,24.161264,inf,0.0,20.684055,36.03807,J231153.87+154621.4
348.0667957284722,31.24012896752645,10995643806909033,28.628521,0.18592003,23.305536,15.867239,inf,0.0,21.40508,25.974295,J231216.03+311424.4
349.1164868304387,21.62720971247324,10995592481212574,27.282682,0.6689478,22.913961,20.65373,inf,0.0,20.710865,62.900986,J231627.96+213737.9
349.1271246881344,-1.407897612147777,10995455097837016,,-0.5418739,22.75065,66.94476,20.94152,152.86954,20.779598,92.76444,J231630.51-012428.4
350.8835967681592,2.646785348620809,10995480774315092,,-0.07647559,22.965605,19.294832,21.05346,46.819492,21.001741,41.15604,J232332.06+023848.4
352.2976773191772,2.289072550369166,10995477760705897,25.060472,6.2147036,22.036459,57.285507,inf,0.0,20.275509,104.15756,J232911.44+021720.6
353.4778367671145,-6.089729733202425,10995427977461883,26.25938,1.220257,22.864996,18.44675,21.312132,44.088646,21.035679,41.506344,J233354.68-060522.9
353.5417683892258,-8.283976488861862,10995414475998907,,-0.28651312,23.378447,8.585889,21.33479,44.4683,20.873913,39.82613,J233410.03-081702.3
353.5797923398551,-6.44062586948034,10995424972245005,28.5775,0.15010664,23.168484,12.227468,21.40635,17.499111,21.208807,26.945787,J233419.15-062626.2
353.735933628568,-10.897663956828,10995398081513222,,-0.22653283,22.540085,21.950293,20.781782,57.04886,20.603897,57.964626,J233456.62-105351.5
353.7804746317009,9.45705346361604,10995521326942498,,-1.8326617,23.36529,14.118059,inf,0.0,21.358185,33.48497,J233507.31+092725.3
355.5703271149433,5.149107349018505,10995495866467825,,-0.681891,26.11372,0.9902195,inf,0.0,21.234598,43.62252,J234216.88+050856.7
359.4604596864305,-11.7123750708122,10995393656526498,23.733803,15.463011,21.21292,78.66534,19.616161,279.07886,19.680206,165.2174,J235750.51-114244.5
359.6642744448859,12.78577859322033,10995540621790333,26.827162,0.91188127,22.600515,21.609245,inf,0.0,20.985394,44.961647,J235839.43+124708.8
